[
  {
    "city": "Rome", 
    "lat": "41.8933", 
    "lng": "12.4828", 
    "country": "Italy", 
    "iso2": "IT", 
    "admin_name": "Lazio", 
    "capital": "primary", 
    "population": "2748109", 
    "population_proper": "2748109"
  }, 
  {
    "city": "Milan", 
    "lat": "45.4669", 
    "lng": "9.1900", 
    "country": "Italy", 
    "iso2": "IT", 
    "admin_name": "Lombardy", 
    "capital": "admin", 
    "population": "1354196", 
    "population_proper": "1354196"
  }, 
  {
    "city": "Naples", 
    "lat": "40.8333", 
    "lng": "14.2500", 
    "country": "Italy", 
    "iso2": "IT", 
    "admin_name": "Campania", 
    "capital": "admin", 
    "population": "913462", 
    "population_proper": "913462"
  }, 
  {
    "city": "Turin", 
    "lat": "45.0792", 
    "lng": "7.6761", 
    "country": "Italy", 
    "iso2": "IT", 
    "admin_name": "Piedmont", 
    "capital": "admin", 
    "population": "841600", 
    "population_proper": "841600"
  }, 
  {
    "city": "Palermo", 
    "lat": "38.1111", 
    "lng": "13.3517", 
    "country": "Italy", 
    "iso2": "IT", 
    "admin_name": "Sicilia", 
    "capital": "admin", 
    "population": "630167", 
    "population_proper": "630167"
  }, 
  {
    "city": "Genoa", 
    "lat": "44.4111", 
    "lng": "8.9328", 
    "country": "Italy", 
    "iso2": "IT", 
    "admin_name": "Liguria", 
    "capital": "admin", 
    "population": "558745", 
    "population_proper": "558745"
  }, 
  {
    "city": "Bologna", 
    "lat": "44.4939", 
    "lng": "11.3428", 
    "country": "Italy", 
    "iso2": "IT", 
    "admin_name": "Emilia-Romagna", 
    "capital": "admin", 
    "population": "387971", 
    "population_proper": "387971"
  }, 
  {
    "city": "Florence", 
    "lat": "43.7714", 
    "lng": "11.2542", 
    "country": "Italy", 
    "iso2": "IT", 
    "admin_name": "Tuscany", 
    "capital": "admin", 
    "population": "360930", 
    "population_proper": "360930"
  }, 
  {
    "city": "Bari", 
    "lat": "41.1253", 
    "lng": "16.8667", 
    "country": "Italy", 
    "iso2": "IT", 
    "admin_name": "Puglia", 
    "capital": "admin", 
    "population": "316015", 
    "population_proper": "316015"
  }, 
  {
    "city": "Catania", 
    "lat": "37.5000", 
    "lng": "15.0903", 
    "country": "Italy", 
    "iso2": "IT", 
    "admin_name": "Sicilia", 
    "capital": "minor", 
    "population": "298762", 
    "population_proper": "298762"
  }, 
  {
    "city": "Verona", 
    "lat": "45.4386", 
    "lng": "10.9928", 
    "country": "Italy", 
    "iso2": "IT", 
    "admin_name": "Veneto", 
    "capital": "minor", 
    "population": "255588", 
    "population_proper": "255588"
  }, 
  {
    "city": "Venice", 
    "lat": "45.4375", 
    "lng": "12.3358", 
    "country": "Italy", 
    "iso2": "IT", 
    "admin_name": "Veneto", 
    "capital": "admin", 
    "population": "250369", 
    "population_proper": "250369"
  }, 
  {
    "city": "Messina", 
    "lat": "38.1936", 
    "lng": "15.5542", 
    "country": "Italy", 
    "iso2": "IT", 
    "admin_name": "Sicilia", 
    "capital": "minor", 
    "population": "218786", 
    "population_proper": "218786"
  }, 
  {
    "city": "Padova", 
    "lat": "45.4167", 
    "lng": "11.8667", 
    "country": "Italy", 
    "iso2": "IT", 
    "admin_name": "Veneto", 
    "capital": "minor", 
    "population": "206496", 
    "population_proper": "206496"
  }, 
  {
    "city": "Cosenza", 
    "lat": "39.3000", 
    "lng": "16.2500", 
    "country": "Italy", 
    "iso2": "IT", 
    "admin_name": "Calabria", 
    "capital": "minor", 
    "population": "200257", 
    "population_proper": "63760"
  }, 
  {
    "city": "Trieste", 
    "lat": "45.6503", 
    "lng": "13.7703", 
    "country": "Italy", 
    "iso2": "IT", 
    "admin_name": "Friuli Venezia Giulia", 
    "capital": "admin", 
    "population": "198417", 
    "population_proper": "198417"
  }, 
  {
    "city": "Parma", 
    "lat": "44.8015", 
    "lng": "10.3280", 
    "country": "Italy", 
    "iso2": "IT", 
    "admin_name": "Emilia-Romagna", 
    "capital": "minor", 
    "population": "196764", 
    "population_proper": "196764"
  }, 
  {
    "city": "Brescia", 
    "lat": "45.5417", 
    "lng": "10.2167", 
    "country": "Italy", 
    "iso2": "IT", 
    "admin_name": "Lombardy", 
    "capital": "minor", 
    "population": "196446", 
    "population_proper": "196446"
  }, 
  {
    "city": "Prato", 
    "lat": "43.8800", 
    "lng": "11.0983", 
    "country": "Italy", 
    "iso2": "IT", 
    "admin_name": "Tuscany", 
    "capital": "minor", 
    "population": "195736", 
    "population_proper": "195736"
  }, 
  {
    "city": "Taranto", 
    "lat": "40.4711", 
    "lng": "17.2431", 
    "country": "Italy", 
    "iso2": "IT", 
    "admin_name": "Puglia", 
    "capital": "minor", 
    "population": "188098", 
    "population_proper": "188098"
  }, 
  {
    "city": "Modena", 
    "lat": "44.6469", 
    "lng": "10.9256", 
    "country": "Italy", 
    "iso2": "IT", 
    "admin_name": "Emilia-Romagna", 
    "capital": "minor", 
    "population": "184153", 
    "population_proper": "184153"
  }, 
  {
    "city": "Reggio di Calabria", 
    "lat": "38.1114", 
    "lng": "15.6619", 
    "country": "Italy", 
    "iso2": "IT", 
    "admin_name": "Calabria", 
    "capital": "minor", 
    "population": "170951", 
    "population_proper": "170951"
  }, 
  {
    "city": "Reggio Emilia", 
    "lat": "44.7000", 
    "lng": "10.6333", 
    "country": "Italy", 
    "iso2": "IT", 
    "admin_name": "Emilia-Romagna", 
    "capital": "minor", 
    "population": "169545", 
    "population_proper": "169545"
  }, 
  {
    "city": "Perugia", 
    "lat": "43.1122", 
    "lng": "12.3889", 
    "country": "Italy", 
    "iso2": "IT", 
    "admin_name": "Umbria", 
    "capital": "admin", 
    "population": "161748", 
    "population_proper": "161748"
  }, 
  {
    "city": "Ravenna", 
    "lat": "44.4161", 
    "lng": "12.2017", 
    "country": "Italy", 
    "iso2": "IT", 
    "admin_name": "Emilia-Romagna", 
    "capital": "minor", 
    "population": "155751", 
    "population_proper": "155751"
  }, 
  {
    "city": "Livorno", 
    "lat": "43.5519", 
    "lng": "10.3083", 
    "country": "Italy", 
    "iso2": "IT", 
    "admin_name": "Tuscany", 
    "capital": "minor", 
    "population": "152914", 
    "population_proper": "152914"
  }, 
  {
    "city": "Rimini", 
    "lat": "44.0594", 
    "lng": "12.5683", 
    "country": "Italy", 
    "iso2": "IT", 
    "admin_name": "Emilia-Romagna", 
    "capital": "minor", 
    "population": "149211", 
    "population_proper": "149211"
  }, 
  {
    "city": "Cagliari", 
    "lat": "39.2278", 
    "lng": "9.1111", 
    "country": "Italy", 
    "iso2": "IT", 
    "admin_name": "Sardegna", 
    "capital": "admin", 
    "population": "148117", 
    "population_proper": "148117"
  }, 
  {
    "city": "Foggia", 
    "lat": "41.4642", 
    "lng": "15.5461", 
    "country": "Italy", 
    "iso2": "IT", 
    "admin_name": "Puglia", 
    "capital": "minor", 
    "population": "145348", 
    "population_proper": "145348"
  }, 
  {
    "city": "Ferrara", 
    "lat": "44.8333", 
    "lng": "11.6167", 
    "country": "Italy", 
    "iso2": "IT", 
    "admin_name": "Emilia-Romagna", 
    "capital": "minor", 
    "population": "129340", 
    "population_proper": "129340"
  }, 
  {
    "city": "Latina", 
    "lat": "41.4672", 
    "lng": "12.9036", 
    "country": "Italy", 
    "iso2": "IT", 
    "admin_name": "Lazio", 
    "capital": "minor", 
    "population": "127564", 
    "population_proper": "127564"
  }, 
  {
    "city": "Salerno", 
    "lat": "40.6806", 
    "lng": "14.7594", 
    "country": "Italy", 
    "iso2": "IT", 
    "admin_name": "Campania", 
    "capital": "minor", 
    "population": "127186", 
    "population_proper": "127186"
  }, 
  {
    "city": "Giugliano in Campania", 
    "lat": "40.9333", 
    "lng": "14.2000", 
    "country": "Italy", 
    "iso2": "IT", 
    "admin_name": "Campania", 
    "capital": "", 
    "population": "123679", 
    "population_proper": "123679"
  }, 
  {
    "city": "Monza", 
    "lat": "45.5836", 
    "lng": "9.2736", 
    "country": "Italy", 
    "iso2": "IT", 
    "admin_name": "Lombardy", 
    "capital": "minor", 
    "population": "121799", 
    "population_proper": "121799"
  }, 
  {
    "city": "Sassari", 
    "lat": "40.7250", 
    "lng": "8.5586", 
    "country": "Italy", 
    "iso2": "IT", 
    "admin_name": "Sardegna", 
    "capital": "minor", 
    "population": "121021", 
    "population_proper": "121021"
  }, 
  {
    "city": "Bergamo", 
    "lat": "45.6950", 
    "lng": "9.6700", 
    "country": "Italy", 
    "iso2": "IT", 
    "admin_name": "Lombardy", 
    "capital": "minor", 
    "population": "119534", 
    "population_proper": "119534"
  }, 
  {
    "city": "Pescara", 
    "lat": "42.4639", 
    "lng": "14.2142", 
    "country": "Italy", 
    "iso2": "IT", 
    "admin_name": "Abruzzo", 
    "capital": "minor", 
    "population": "118657", 
    "population_proper": "118657"
  }, 
  {
    "city": "Trento", 
    "lat": "46.0667", 
    "lng": "11.1167", 
    "country": "Italy", 
    "iso2": "IT", 
    "admin_name": "Trentino-Alto Adige", 
    "capital": "admin", 
    "population": "118046", 
    "population_proper": "118046"
  }, 
  {
    "city": "Forlì", 
    "lat": "44.2333", 
    "lng": "12.0500", 
    "country": "Italy", 
    "iso2": "IT", 
    "admin_name": "Emilia-Romagna", 
    "capital": "minor", 
    "population": "116440", 
    "population_proper": "116440"
  }, 
  {
    "city": "Siracusa", 
    "lat": "37.0692", 
    "lng": "15.2875", 
    "country": "Italy", 
    "iso2": "IT", 
    "admin_name": "Sicilia", 
    "capital": "minor", 
    "population": "116244", 
    "population_proper": "116244"
  }, 
  {
    "city": "Vicenza", 
    "lat": "45.5500", 
    "lng": "11.5500", 
    "country": "Italy", 
    "iso2": "IT", 
    "admin_name": "Veneto", 
    "capital": "minor", 
    "population": "109823", 
    "population_proper": "109823"
  }, 
  {
    "city": "Terni", 
    "lat": "42.5619", 
    "lng": "12.6414", 
    "country": "Italy", 
    "iso2": "IT", 
    "admin_name": "Umbria", 
    "capital": "minor", 
    "population": "106370", 
    "population_proper": "106370"
  }, 
  {
    "city": "Bolzano", 
    "lat": "46.5000", 
    "lng": "11.3500", 
    "country": "Italy", 
    "iso2": "IT", 
    "admin_name": "Trentino-Alto Adige", 
    "capital": "minor", 
    "population": "106107", 
    "population_proper": "106107"
  }, 
  {
    "city": "Roncaglia", 
    "lat": "45.0478", 
    "lng": "9.7006", 
    "country": "Italy", 
    "iso2": "IT", 
    "admin_name": "Emilia-Romagna", 
    "capital": "", 
    "population": "103607", 
    "population_proper": "103607"
  }, 
  {
    "city": "Piacenza", 
    "lat": "45.0478", 
    "lng": "9.7006", 
    "country": "Italy", 
    "iso2": "IT", 
    "admin_name": "Emilia-Romagna", 
    "capital": "minor", 
    "population": "102465", 
    "population_proper": "102465"
  }, 
  {
    "city": "Novara", 
    "lat": "45.4500", 
    "lng": "8.6200", 
    "country": "Italy", 
    "iso2": "IT", 
    "admin_name": "Piedmont", 
    "capital": "minor", 
    "population": "101257", 
    "population_proper": "101257"
  }, 
  {
    "city": "Ancona", 
    "lat": "43.6169", 
    "lng": "13.5167", 
    "country": "Italy", 
    "iso2": "IT", 
    "admin_name": "Marche", 
    "capital": "admin", 
    "population": "98356", 
    "population_proper": "98356"
  }, 
  {
    "city": "Udine", 
    "lat": "46.0667", 
    "lng": "13.2333", 
    "country": "Italy", 
    "iso2": "IT", 
    "admin_name": "Friuli Venezia Giulia", 
    "capital": "minor", 
    "population": "97808", 
    "population_proper": "97808"
  }, 
  {
    "city": "Mestre", 
    "lat": "45.4906", 
    "lng": "12.2381", 
    "country": "Italy", 
    "iso2": "IT", 
    "admin_name": "Veneto", 
    "capital": "", 
    "population": "89376", 
    "population_proper": "89376"
  }, 
  {
    "city": "Catanzaro", 
    "lat": "38.9000", 
    "lng": "16.6000", 
    "country": "Italy", 
    "iso2": "IT", 
    "admin_name": "Calabria", 
    "capital": "admin", 
    "population": "84670", 
    "population_proper": "84670"
  }, 
  {
    "city": "Treviso", 
    "lat": "45.6667", 
    "lng": "12.2500", 
    "country": "Italy", 
    "iso2": "IT", 
    "admin_name": "Veneto", 
    "capital": "minor", 
    "population": "84607", 
    "population_proper": "84607"
  }, 
  {
    "city": "Como", 
    "lat": "45.8167", 
    "lng": "9.0833", 
    "country": "Italy", 
    "iso2": "IT", 
    "admin_name": "Lombardy", 
    "capital": "minor", 
    "population": "83184", 
    "population_proper": "83184"
  }, 
  {
    "city": "Busto Arsizio", 
    "lat": "45.6119", 
    "lng": "8.8500", 
    "country": "Italy", 
    "iso2": "IT", 
    "admin_name": "Lombardy", 
    "capital": "", 
    "population": "82951", 
    "population_proper": "82951"
  }, 
  {
    "city": "Torre del Greco", 
    "lat": "40.7833", 
    "lng": "14.3667", 
    "country": "Italy", 
    "iso2": "IT", 
    "admin_name": "Campania", 
    "capital": "", 
    "population": "80508", 
    "population_proper": "80508"
  }, 
  {
    "city": "Sesto San Giovanni", 
    "lat": "45.5333", 
    "lng": "9.2333", 
    "country": "Italy", 
    "iso2": "IT", 
    "admin_name": "Lombardy", 
    "capital": "", 
    "population": "78884", 
    "population_proper": "78884"
  }, 
  {
    "city": "Varese", 
    "lat": "45.8167", 
    "lng": "8.8333", 
    "country": "Italy", 
    "iso2": "IT", 
    "admin_name": "Lombardy", 
    "capital": "minor", 
    "population": "78409", 
    "population_proper": "78409"
  }, 
  {
    "city": "Pozzuoli", 
    "lat": "40.8444", 
    "lng": "14.0933", 
    "country": "Italy", 
    "iso2": "IT", 
    "admin_name": "Campania", 
    "capital": "", 
    "population": "76331", 
    "population_proper": "76331"
  }, 
  {
    "city": "Cinisello Balsamo", 
    "lat": "45.5500", 
    "lng": "9.2167", 
    "country": "Italy", 
    "iso2": "IT", 
    "admin_name": "Lombardy", 
    "capital": "", 
    "population": "74528", 
    "population_proper": "74528"
  }, 
  {
    "city": "Casoria", 
    "lat": "40.9000", 
    "lng": "14.3000", 
    "country": "Italy", 
    "iso2": "IT", 
    "admin_name": "Campania", 
    "capital": "", 
    "population": "74021", 
    "population_proper": "74021"
  }, 
  {
    "city": "Caserta", 
    "lat": "41.0667", 
    "lng": "14.3333", 
    "country": "Italy", 
    "iso2": "IT", 
    "admin_name": "Campania", 
    "capital": "minor", 
    "population": "72805", 
    "population_proper": "72805"
  }, 
  {
    "city": "L’Aquila", 
    "lat": "42.3500", 
    "lng": "13.4000", 
    "country": "Italy", 
    "iso2": "IT", 
    "admin_name": "Abruzzo", 
    "capital": "admin", 
    "population": "69558", 
    "population_proper": "69558"
  }, 
  {
    "city": "Acilia", 
    "lat": "41.7833", 
    "lng": "12.3667", 
    "country": "Italy", 
    "iso2": "IT", 
    "admin_name": "Lazio", 
    "capital": "", 
    "population": "66932", 
    "population_proper": "66932"
  }, 
  {
    "city": "Calimera", 
    "lat": "40.2500", 
    "lng": "18.2833", 
    "country": "Italy", 
    "iso2": "IT", 
    "admin_name": "Puglia", 
    "capital": "", 
    "population": "66777", 
    "population_proper": "66777"
  }, 
  {
    "city": "Potenza", 
    "lat": "40.6333", 
    "lng": "15.8000", 
    "country": "Italy", 
    "iso2": "IT", 
    "admin_name": "Basilicata", 
    "capital": "admin", 
    "population": "64406", 
    "population_proper": "64406"
  }, 
  {
    "city": "Castellammare di Stabia", 
    "lat": "40.6947", 
    "lng": "14.4803", 
    "country": "Italy", 
    "iso2": "IT", 
    "admin_name": "Campania", 
    "capital": "", 
    "population": "62772", 
    "population_proper": "62772"
  }, 
  {
    "city": "Afragola", 
    "lat": "40.9167", 
    "lng": "14.3167", 
    "country": "Italy", 
    "iso2": "IT", 
    "admin_name": "Campania", 
    "capital": "", 
    "population": "61712", 
    "population_proper": "61712"
  }, 
  {
    "city": "Viareggio", 
    "lat": "43.8667", 
    "lng": "10.2333", 
    "country": "Italy", 
    "iso2": "IT", 
    "admin_name": "Tuscany", 
    "capital": "", 
    "population": "60579", 
    "population_proper": "60579"
  }, 
  {
    "city": "Legnano", 
    "lat": "45.5781", 
    "lng": "8.9183", 
    "country": "Italy", 
    "iso2": "IT", 
    "admin_name": "Lombardy", 
    "capital": "", 
    "population": "59941", 
    "population_proper": "59941"
  }, 
  {
    "city": "Anzio", 
    "lat": "41.4472", 
    "lng": "12.6283", 
    "country": "Italy", 
    "iso2": "IT", 
    "admin_name": "Lazio", 
    "capital": "", 
    "population": "58949", 
    "population_proper": "58949"
  }, 
  {
    "city": "Marano di Napoli", 
    "lat": "40.9000", 
    "lng": "14.1833", 
    "country": "Italy", 
    "iso2": "IT", 
    "admin_name": "Campania", 
    "capital": "", 
    "population": "57777", 
    "population_proper": "57777"
  }, 
  {
    "city": "Bagheria", 
    "lat": "38.0803", 
    "lng": "13.5086", 
    "country": "Italy", 
    "iso2": "IT", 
    "admin_name": "Sicilia", 
    "capital": "", 
    "population": "52928", 
    "population_proper": "52928"
  }, 
  {
    "city": "Gallarate", 
    "lat": "45.6667", 
    "lng": "8.8000", 
    "country": "Italy", 
    "iso2": "IT", 
    "admin_name": "Lombardy", 
    "capital": "", 
    "population": "52811", 
    "population_proper": "52811"
  }, 
  {
    "city": "Portici", 
    "lat": "40.8197", 
    "lng": "14.3411", 
    "country": "Italy", 
    "iso2": "IT", 
    "admin_name": "Campania", 
    "capital": "", 
    "population": "52054", 
    "population_proper": "52054"
  }, 
  {
    "city": "Pordenone", 
    "lat": "45.9500", 
    "lng": "12.6500", 
    "country": "Italy", 
    "iso2": "IT", 
    "admin_name": "Friuli Venezia Giulia", 
    "capital": "minor", 
    "population": "51725", 
    "population_proper": "51725"
  }, 
  {
    "city": "Cava de’ Tirreni", 
    "lat": "40.7000", 
    "lng": "14.7000", 
    "country": "Italy", 
    "iso2": "IT", 
    "admin_name": "Campania", 
    "capital": "", 
    "population": "50539", 
    "population_proper": "50539"
  }, 
  {
    "city": "Acireale", 
    "lat": "37.6167", 
    "lng": "15.1667", 
    "country": "Italy", 
    "iso2": "IT", 
    "admin_name": "Sicilia", 
    "capital": "", 
    "population": "50515", 
    "population_proper": "50515"
  }, 
  {
    "city": "Rho", 
    "lat": "45.5311", 
    "lng": "9.0406", 
    "country": "Italy", 
    "iso2": "IT", 
    "admin_name": "Lombardy", 
    "capital": "", 
    "population": "50299", 
    "population_proper": "50299"
  }, 
  {
    "city": "Ercolano", 
    "lat": "40.8000", 
    "lng": "14.3500", 
    "country": "Italy", 
    "iso2": "IT", 
    "admin_name": "Campania", 
    "capital": "", 
    "population": "50124", 
    "population_proper": "50124"
  }, 
  {
    "city": "Aversa", 
    "lat": "40.9667", 
    "lng": "14.2000", 
    "country": "Italy", 
    "iso2": "IT", 
    "admin_name": "Campania", 
    "capital": "", 
    "population": "49612", 
    "population_proper": "49612"
  }, 
  {
    "city": "Misterbianco", 
    "lat": "37.5167", 
    "lng": "15.0000", 
    "country": "Italy", 
    "iso2": "IT", 
    "admin_name": "Sicilia", 
    "capital": "", 
    "population": "49017", 
    "population_proper": "49017"
  }, 
  {
    "city": "Collegno", 
    "lat": "45.0833", 
    "lng": "7.5833", 
    "country": "Italy", 
    "iso2": "IT", 
    "admin_name": "Piedmont", 
    "capital": "", 
    "population": "48340", 
    "population_proper": "48340"
  }, 
  {
    "city": "Scafati", 
    "lat": "40.7536", 
    "lng": "14.5253", 
    "country": "Italy", 
    "iso2": "IT", 
    "admin_name": "Campania", 
    "capital": "", 
    "population": "48045", 
    "population_proper": "48045"
  }, 
  {
    "city": "Campi Bisenzio", 
    "lat": "43.8167", 
    "lng": "11.1333", 
    "country": "Italy", 
    "iso2": "IT", 
    "admin_name": "Tuscany", 
    "capital": "", 
    "population": "47462", 
    "population_proper": "47462"
  }, 
  {
    "city": "Rivoli", 
    "lat": "45.0667", 
    "lng": "7.5167", 
    "country": "Italy", 
    "iso2": "IT", 
    "admin_name": "Piedmont", 
    "capital": "", 
    "population": "47147", 
    "population_proper": "47147"
  }, 
  {
    "city": "Paderno Dugnano", 
    "lat": "45.5667", 
    "lng": "9.1667", 
    "country": "Italy", 
    "iso2": "IT", 
    "admin_name": "Lombardy", 
    "capital": "", 
    "population": "47118", 
    "population_proper": "47118"
  }, 
  {
    "city": "Campobasso", 
    "lat": "41.5667", 
    "lng": "14.6667", 
    "country": "Italy", 
    "iso2": "IT", 
    "admin_name": "Molise", 
    "capital": "admin", 
    "population": "47075", 
    "population_proper": "47075"
  }, 
  {
    "city": "San Benedetto del Tronto", 
    "lat": "42.9500", 
    "lng": "13.8833", 
    "country": "Italy", 
    "iso2": "IT", 
    "admin_name": "Marche", 
    "capital": "", 
    "population": "46957", 
    "population_proper": "46957"
  }, 
  {
    "city": "Cologno Monzese", 
    "lat": "45.5286", 
    "lng": "9.2783", 
    "country": "Italy", 
    "iso2": "IT", 
    "admin_name": "Lombardy", 
    "capital": "", 
    "population": "46707", 
    "population_proper": "46707"
  }, 
  {
    "city": "Lissone", 
    "lat": "45.6167", 
    "lng": "9.2500", 
    "country": "Italy", 
    "iso2": "IT", 
    "admin_name": "Lombardy", 
    "capital": "", 
    "population": "46394", 
    "population_proper": "46394"
  }, 
  {
    "city": "Marino", 
    "lat": "41.7667", 
    "lng": "12.6667", 
    "country": "Italy", 
    "iso2": "IT", 
    "admin_name": "Lazio", 
    "capital": "", 
    "population": "46347", 
    "population_proper": "46347"
  }, 
  {
    "city": "Nichelino", 
    "lat": "45.0000", 
    "lng": "7.6500", 
    "country": "Italy", 
    "iso2": "IT", 
    "admin_name": "Piedmont", 
    "capital": "", 
    "population": "46244", 
    "population_proper": "46244"
  }, 
  {
    "city": "Settimo Torinese", 
    "lat": "45.1333", 
    "lng": "7.7667", 
    "country": "Italy", 
    "iso2": "IT", 
    "admin_name": "Piedmont", 
    "capital": "", 
    "population": "45840", 
    "population_proper": "45840"
  }, 
  {
    "city": "Seregno", 
    "lat": "45.6500", 
    "lng": "9.2000", 
    "country": "Italy", 
    "iso2": "IT", 
    "admin_name": "Lombardy", 
    "capital": "", 
    "population": "44917", 
    "population_proper": "44917"
  }, 
  {
    "city": "San Giorgio a Cremano", 
    "lat": "40.8333", 
    "lng": "14.3333", 
    "country": "Italy", 
    "iso2": "IT", 
    "admin_name": "Campania", 
    "capital": "", 
    "population": "42485", 
    "population_proper": "42485"
  }, 
  {
    "city": "Desio", 
    "lat": "45.6167", 
    "lng": "9.2167", 
    "country": "Italy", 
    "iso2": "IT", 
    "admin_name": "Lombardy", 
    "capital": "", 
    "population": "41463", 
    "population_proper": "41463"
  }, 
  {
    "city": "Rozzano", 
    "lat": "45.3833", 
    "lng": "9.1500", 
    "country": "Italy", 
    "iso2": "IT", 
    "admin_name": "Lombardy", 
    "capital": "", 
    "population": "41240", 
    "population_proper": "41240"
  }, 
  {
    "city": "Merano", 
    "lat": "46.6667", 
    "lng": "11.1667", 
    "country": "Italy", 
    "iso2": "IT", 
    "admin_name": "Trentino-Alto Adige", 
    "capital": "", 
    "population": "41071", 
    "population_proper": "41071"
  }, 
  {
    "city": "Torre Annunziata", 
    "lat": "40.7500", 
    "lng": "14.4500", 
    "country": "Italy", 
    "iso2": "IT", 
    "admin_name": "Campania", 
    "capital": "", 
    "population": "40153", 
    "population_proper": "40153"
  }, 
  {
    "city": "Nicastro", 
    "lat": "38.9833", 
    "lng": "16.3167", 
    "country": "Italy", 
    "iso2": "IT", 
    "admin_name": "Calabria", 
    "capital": "", 
    "population": "40000", 
    "population_proper": "40000"
  }, 
  {
    "city": "Albano Laziale", 
    "lat": "41.7333", 
    "lng": "12.6667", 
    "country": "Italy", 
    "iso2": "IT", 
    "admin_name": "Lazio", 
    "capital": "", 
    "population": "39718", 
    "population_proper": "39718"
  }, 
  {
    "city": "Cantù", 
    "lat": "45.7333", 
    "lng": "9.1333", 
    "country": "Italy", 
    "iso2": "IT", 
    "admin_name": "Lombardy", 
    "capital": "", 
    "population": "39715", 
    "population_proper": "39715"
  }, 
  {
    "city": "Pomigliano d’Arco", 
    "lat": "40.9167", 
    "lng": "14.4000", 
    "country": "Italy", 
    "iso2": "IT", 
    "admin_name": "Campania", 
    "capital": "", 
    "population": "39705", 
    "population_proper": "39705"
  }, 
  {
    "city": "San Giuliano Milanese", 
    "lat": "45.4000", 
    "lng": "9.2833", 
    "country": "Italy", 
    "iso2": "IT", 
    "admin_name": "Lombardy", 
    "capital": "", 
    "population": "39444", 
    "population_proper": "39444"
  }, 
  {
    "city": "Cesano Maderno", 
    "lat": "45.6281", 
    "lng": "9.1461", 
    "country": "Italy", 
    "iso2": "IT", 
    "admin_name": "Lombardy", 
    "capital": "", 
    "population": "39309", 
    "population_proper": "39309"
  }, 
  {
    "city": "Ciampino", 
    "lat": "41.8000", 
    "lng": "12.6000", 
    "country": "Italy", 
    "iso2": "IT", 
    "admin_name": "Lazio", 
    "capital": "", 
    "population": "38595", 
    "population_proper": "38595"
  }, 
  {
    "city": "Saronno", 
    "lat": "45.6333", 
    "lng": "9.0500", 
    "country": "Italy", 
    "iso2": "IT", 
    "admin_name": "Lombardy", 
    "capital": "", 
    "population": "38442", 
    "population_proper": "38442"
  }, 
  {
    "city": "Marcianise", 
    "lat": "41.0333", 
    "lng": "14.3000", 
    "country": "Italy", 
    "iso2": "IT", 
    "admin_name": "Campania", 
    "capital": "", 
    "population": "38335", 
    "population_proper": "38335"
  }, 
  {
    "city": "Grugliasco", 
    "lat": "45.0667", 
    "lng": "7.5833", 
    "country": "Italy", 
    "iso2": "IT", 
    "admin_name": "Piedmont", 
    "capital": "", 
    "population": "36896", 
    "population_proper": "36896"
  }, 
  {
    "city": "Melito di Napoli", 
    "lat": "40.9167", 
    "lng": "14.2333", 
    "country": "Italy", 
    "iso2": "IT", 
    "admin_name": "Campania", 
    "capital": "", 
    "population": "36269", 
    "population_proper": "36269"
  }, 
  {
    "city": "Bollate", 
    "lat": "45.5500", 
    "lng": "9.1167", 
    "country": "Italy", 
    "iso2": "IT", 
    "admin_name": "Lombardy", 
    "capital": "", 
    "population": "36204", 
    "population_proper": "36204"
  }, 
  {
    "city": "Pioltello", 
    "lat": "45.5000", 
    "lng": "9.3333", 
    "country": "Italy", 
    "iso2": "IT", 
    "admin_name": "Lombardy", 
    "capital": "", 
    "population": "36061", 
    "population_proper": "36061"
  }, 
  {
    "city": "Caivano", 
    "lat": "40.9500", 
    "lng": "14.3000", 
    "country": "Italy", 
    "iso2": "IT", 
    "admin_name": "Campania", 
    "capital": "", 
    "population": "35874", 
    "population_proper": "35874"
  }, 
  {
    "city": "Casalecchio di Reno", 
    "lat": "44.4833", 
    "lng": "11.2833", 
    "country": "Italy", 
    "iso2": "IT", 
    "admin_name": "Emilia-Romagna", 
    "capital": "", 
    "population": "35414", 
    "population_proper": "35414"
  }, 
  {
    "city": "Brugherio", 
    "lat": "45.5500", 
    "lng": "9.3000", 
    "country": "Italy", 
    "iso2": "IT", 
    "admin_name": "Lombardy", 
    "capital": "", 
    "population": "34999", 
    "population_proper": "34999"
  }, 
  {
    "city": "Cernusco sul Naviglio", 
    "lat": "45.5167", 
    "lng": "9.3333", 
    "country": "Italy", 
    "iso2": "IT", 
    "admin_name": "Lombardy", 
    "capital": "", 
    "population": "34848", 
    "population_proper": "34848"
  }, 
  {
    "city": "Limbiate", 
    "lat": "45.6000", 
    "lng": "9.1333", 
    "country": "Italy", 
    "iso2": "IT", 
    "admin_name": "Lombardy", 
    "capital": "", 
    "population": "34790", 
    "population_proper": "34790"
  }, 
  {
    "city": "Mugnano di Napoli", 
    "lat": "40.9167", 
    "lng": "14.2000", 
    "country": "Italy", 
    "iso2": "IT", 
    "admin_name": "Campania", 
    "capital": "", 
    "population": "34607", 
    "population_proper": "34607"
  }, 
  {
    "city": "Riccione Marina", 
    "lat": "44.0000", 
    "lng": "12.6500", 
    "country": "Italy", 
    "iso2": "IT", 
    "admin_name": "Emilia-Romagna", 
    "capital": "", 
    "population": "34400", 
    "population_proper": "34400"
  }, 
  {
    "city": "Corsico", 
    "lat": "45.4333", 
    "lng": "9.1167", 
    "country": "Italy", 
    "iso2": "IT", 
    "admin_name": "Lombardy", 
    "capital": "", 
    "population": "34373", 
    "population_proper": "34373"
  }, 
  {
    "city": "Pagani", 
    "lat": "40.7417", 
    "lng": "14.6167", 
    "country": "Italy", 
    "iso2": "IT", 
    "admin_name": "Campania", 
    "capital": "", 
    "population": "34044", 
    "population_proper": "34044"
  }, 
  {
    "city": "Angri", 
    "lat": "40.7333", 
    "lng": "14.5667", 
    "country": "Italy", 
    "iso2": "IT", 
    "admin_name": "Campania", 
    "capital": "", 
    "population": "33972", 
    "population_proper": "33972"
  }, 
  {
    "city": "Aosta", 
    "lat": "45.7333", 
    "lng": "7.3167", 
    "country": "Italy", 
    "iso2": "IT", 
    "admin_name": "Valle d’Aosta", 
    "capital": "admin", 
    "population": "33093", 
    "population_proper": "33093"
  }, 
  {
    "city": "Sant’Antimo", 
    "lat": "40.9500", 
    "lng": "14.2333", 
    "country": "Italy", 
    "iso2": "IT", 
    "admin_name": "Campania", 
    "capital": "", 
    "population": "32309", 
    "population_proper": "32309"
  }, 
  {
    "city": "Venaria Reale", 
    "lat": "45.1167", 
    "lng": "7.6333", 
    "country": "Italy", 
    "iso2": "IT", 
    "admin_name": "Piedmont", 
    "capital": "", 
    "population": "32288", 
    "population_proper": "32288"
  }, 
  {
    "city": "San Donato Milanese", 
    "lat": "45.4167", 
    "lng": "9.2667", 
    "country": "Italy", 
    "iso2": "IT", 
    "admin_name": "Lombardy", 
    "capital": "", 
    "population": "32014", 
    "population_proper": "32014"
  }, 
  {
    "city": "Arzano", 
    "lat": "40.9167", 
    "lng": "14.2667", 
    "country": "Italy", 
    "iso2": "IT", 
    "admin_name": "Campania", 
    "capital": "", 
    "population": "31977", 
    "population_proper": "31977"
  }, 
  {
    "city": "Mascalucia", 
    "lat": "37.5667", 
    "lng": "15.0500", 
    "country": "Italy", 
    "iso2": "IT", 
    "admin_name": "Sicilia", 
    "capital": "", 
    "population": "31964", 
    "population_proper": "31964"
  }, 
  {
    "city": "Santa Maria Capua Vetere", 
    "lat": "41.0833", 
    "lng": "14.2500", 
    "country": "Italy", 
    "iso2": "IT", 
    "admin_name": "Campania", 
    "capital": "", 
    "population": "31906", 
    "population_proper": "31906"
  }, 
  {
    "city": "Villaricca", 
    "lat": "40.9167", 
    "lng": "14.2000", 
    "country": "Italy", 
    "iso2": "IT", 
    "admin_name": "Campania", 
    "capital": "", 
    "population": "31356", 
    "population_proper": "31356"
  }, 
  {
    "city": "San Giuseppe Vesuviano", 
    "lat": "40.8333", 
    "lng": "14.5000", 
    "country": "Italy", 
    "iso2": "IT", 
    "admin_name": "Campania", 
    "capital": "", 
    "population": "30120", 
    "population_proper": "30120"
  }, 
  {
    "city": "Milazzo", 
    "lat": "38.2208", 
    "lng": "15.2414", 
    "country": "Italy", 
    "iso2": "IT", 
    "admin_name": "Sicilia", 
    "capital": "", 
    "population": "30043", 
    "population_proper": "30043"
  }, 
  {
    "city": "Monfalcone", 
    "lat": "45.8000", 
    "lng": "13.5333", 
    "country": "Italy", 
    "iso2": "IT", 
    "admin_name": "Friuli Venezia Giulia", 
    "capital": "", 
    "population": "29637", 
    "population_proper": "29637"
  }, 
  {
    "city": "Marigliano", 
    "lat": "40.9333", 
    "lng": "14.4500", 
    "country": "Italy", 
    "iso2": "IT", 
    "admin_name": "Campania", 
    "capital": "", 
    "population": "29067", 
    "population_proper": "29067"
  }, 
  {
    "city": "Pirri", 
    "lat": "39.2278", 
    "lng": "9.1111", 
    "country": "Italy", 
    "iso2": "IT", 
    "admin_name": "Sardegna", 
    "capital": "", 
    "population": "29011", 
    "population_proper": "29011"
  }, 
  {
    "city": "Frattamaggiore", 
    "lat": "40.9333", 
    "lng": "14.2833", 
    "country": "Italy", 
    "iso2": "IT", 
    "admin_name": "Campania", 
    "capital": "", 
    "population": "28492", 
    "population_proper": "28492"
  }, 
  {
    "city": "Aci Catena", 
    "lat": "37.6000", 
    "lng": "15.1333", 
    "country": "Italy", 
    "iso2": "IT", 
    "admin_name": "Sicilia", 
    "capital": "", 
    "population": "27790", 
    "population_proper": "27790"
  }, 
  {
    "city": "Parabiago", 
    "lat": "45.5500", 
    "lng": "8.9500", 
    "country": "Italy", 
    "iso2": "IT", 
    "admin_name": "Lombardy", 
    "capital": "", 
    "population": "27723", 
    "population_proper": "27723"
  }, 
  {
    "city": "Spinea", 
    "lat": "45.5000", 
    "lng": "12.1500", 
    "country": "Italy", 
    "iso2": "IT", 
    "admin_name": "Veneto", 
    "capital": "", 
    "population": "27694", 
    "population_proper": "27694"
  }, 
  {
    "city": "Chiavari", 
    "lat": "44.3167", 
    "lng": "9.3333", 
    "country": "Italy", 
    "iso2": "IT", 
    "admin_name": "Liguria", 
    "capital": "", 
    "population": "27307", 
    "population_proper": "27307"
  }, 
  {
    "city": "Albignasego", 
    "lat": "45.3500", 
    "lng": "11.8667", 
    "country": "Italy", 
    "iso2": "IT", 
    "admin_name": "Veneto", 
    "capital": "", 
    "population": "26890", 
    "population_proper": "26890"
  }, 
  {
    "city": "Garbagnate Milanese", 
    "lat": "45.5833", 
    "lng": "9.0667", 
    "country": "Italy", 
    "iso2": "IT", 
    "admin_name": "Lombardy", 
    "capital": "", 
    "population": "26793", 
    "population_proper": "26793"
  }, 
  {
    "city": "Lainate", 
    "lat": "45.5667", 
    "lng": "9.0333", 
    "country": "Italy", 
    "iso2": "IT", 
    "admin_name": "Lombardy", 
    "capital": "", 
    "population": "26228", 
    "population_proper": "26228"
  }, 
  {
    "city": "Sant’Anastasia", 
    "lat": "40.8667", 
    "lng": "14.4000", 
    "country": "Italy", 
    "iso2": "IT", 
    "admin_name": "Campania", 
    "capital": "", 
    "population": "26170", 
    "population_proper": "26170"
  }, 
  {
    "city": "Bresso", 
    "lat": "45.5333", 
    "lng": "9.1833", 
    "country": "Italy", 
    "iso2": "IT", 
    "admin_name": "Lombardy", 
    "capital": "", 
    "population": "26001", 
    "population_proper": "26001"
  }, 
  {
    "city": "Boscoreale", 
    "lat": "40.7667", 
    "lng": "14.4833", 
    "country": "Italy", 
    "iso2": "IT", 
    "admin_name": "Campania", 
    "capital": "", 
    "population": "25939", 
    "population_proper": "25939"
  }, 
  {
    "city": "Vimercate", 
    "lat": "45.6167", 
    "lng": "9.3667", 
    "country": "Italy", 
    "iso2": "IT", 
    "admin_name": "Lombardy", 
    "capital": "", 
    "population": "25876", 
    "population_proper": "25876"
  }, 
  {
    "city": "Triggiano", 
    "lat": "41.0667", 
    "lng": "16.9167", 
    "country": "Italy", 
    "iso2": "IT", 
    "admin_name": "Puglia", 
    "capital": "", 
    "population": "25847", 
    "population_proper": "25847"
  }, 
  {
    "city": "Porto Sant’Elpidio", 
    "lat": "43.2667", 
    "lng": "13.7500", 
    "country": "Italy", 
    "iso2": "IT", 
    "admin_name": "Marche", 
    "capital": "", 
    "population": "25600", 
    "population_proper": "25600"
  }, 
  {
    "city": "San Giovanni Lupatoto", 
    "lat": "45.3833", 
    "lng": "11.0333", 
    "country": "Italy", 
    "iso2": "IT", 
    "admin_name": "Veneto", 
    "capital": "", 
    "population": "25341", 
    "population_proper": "25341"
  }, 
  {
    "city": "Seriate", 
    "lat": "45.6833", 
    "lng": "9.7167", 
    "country": "Italy", 
    "iso2": "IT", 
    "admin_name": "Lombardy", 
    "capital": "", 
    "population": "25264", 
    "population_proper": "25264"
  }, 
  {
    "city": "Mariano Comense", 
    "lat": "45.7000", 
    "lng": "9.1833", 
    "country": "Italy", 
    "iso2": "IT", 
    "admin_name": "Lombardy", 
    "capital": "", 
    "population": "25258", 
    "population_proper": "25258"
  }, 
  {
    "city": "Bacoli", 
    "lat": "40.8000", 
    "lng": "14.0833", 
    "country": "Italy", 
    "iso2": "IT", 
    "admin_name": "Campania", 
    "capital": "", 
    "population": "25230", 
    "population_proper": "25230"
  }, 
  {
    "city": "Qualiano", 
    "lat": "40.9167", 
    "lng": "14.1500", 
    "country": "Italy", 
    "iso2": "IT", 
    "admin_name": "Campania", 
    "capital": "", 
    "population": "24501", 
    "population_proper": "24501"
  }, 
  {
    "city": "Pompei", 
    "lat": "40.7492", 
    "lng": "14.5006", 
    "country": "Italy", 
    "iso2": "IT", 
    "admin_name": "Campania", 
    "capital": "", 
    "population": "23910", 
    "population_proper": "23910"
  }, 
  {
    "city": "Seveso", 
    "lat": "45.6333", 
    "lng": "9.1333", 
    "country": "Italy", 
    "iso2": "IT", 
    "admin_name": "Lombardy", 
    "capital": "", 
    "population": "23882", 
    "population_proper": "23882"
  }, 
  {
    "city": "Thiene", 
    "lat": "45.7083", 
    "lng": "11.4778", 
    "country": "Italy", 
    "iso2": "IT", 
    "admin_name": "Veneto", 
    "capital": "", 
    "population": "23794", 
    "population_proper": "23794"
  }, 
  {
    "city": "San Giovanni la Punta", 
    "lat": "37.5833", 
    "lng": "15.1000", 
    "country": "Italy", 
    "iso2": "IT", 
    "admin_name": "Sicilia", 
    "capital": "", 
    "population": "23725", 
    "population_proper": "23725"
  }, 
  {
    "city": "Muggiò", 
    "lat": "45.6000", 
    "lng": "9.2333", 
    "country": "Italy", 
    "iso2": "IT", 
    "admin_name": "Lombardy", 
    "capital": "", 
    "population": "23464", 
    "population_proper": "23464"
  }, 
  {
    "city": "Meda", 
    "lat": "45.6667", 
    "lng": "9.1667", 
    "country": "Italy", 
    "iso2": "IT", 
    "admin_name": "Lombardy", 
    "capital": "", 
    "population": "23388", 
    "population_proper": "23388"
  }, 
  {
    "city": "Dalmine", 
    "lat": "45.6500", 
    "lng": "9.6000", 
    "country": "Italy", 
    "iso2": "IT", 
    "admin_name": "Lombardy", 
    "capital": "", 
    "population": "23316", 
    "population_proper": "23316"
  }, 
  {
    "city": "Genzano di Roma", 
    "lat": "41.7000", 
    "lng": "12.6833", 
    "country": "Italy", 
    "iso2": "IT", 
    "admin_name": "Lazio", 
    "capital": "", 
    "population": "22865", 
    "population_proper": "22865"
  }, 
  {
    "city": "Poggiomarino", 
    "lat": "40.8000", 
    "lng": "14.5500", 
    "country": "Italy", 
    "iso2": "IT", 
    "admin_name": "Campania", 
    "capital": "", 
    "population": "22216", 
    "population_proper": "22216"
  }, 
  {
    "city": "Cardito", 
    "lat": "40.9500", 
    "lng": "14.3000", 
    "country": "Italy", 
    "iso2": "IT", 
    "admin_name": "Campania", 
    "capital": "", 
    "population": "21514", 
    "population_proper": "21514"
  }, 
  {
    "city": "Trezzano sul Naviglio", 
    "lat": "45.4333", 
    "lng": "9.0667", 
    "country": "Italy", 
    "iso2": "IT", 
    "admin_name": "Lombardy", 
    "capital": "", 
    "population": "21474", 
    "population_proper": "21474"
  }, 
  {
    "city": "Senago", 
    "lat": "45.5833", 
    "lng": "9.1333", 
    "country": "Italy", 
    "iso2": "IT", 
    "admin_name": "Lombardy", 
    "capital": "", 
    "population": "21372", 
    "population_proper": "21372"
  }, 
  {
    "city": "Gorgonzola", 
    "lat": "45.5333", 
    "lng": "9.4000", 
    "country": "Italy", 
    "iso2": "IT", 
    "admin_name": "Lombardy", 
    "capital": "", 
    "population": "21092", 
    "population_proper": "21092"
  }, 
  {
    "city": "Cornaredo", 
    "lat": "45.5000", 
    "lng": "9.0333", 
    "country": "Italy", 
    "iso2": "IT", 
    "admin_name": "Lombardy", 
    "capital": "", 
    "population": "20678", 
    "population_proper": "20678"
  }, 
  {
    "city": "Cormano", 
    "lat": "45.5500", 
    "lng": "9.1667", 
    "country": "Italy", 
    "iso2": "IT", 
    "admin_name": "Lombardy", 
    "capital": "", 
    "population": "20356", 
    "population_proper": "20356"
  }, 
  {
    "city": "Trentola", 
    "lat": "40.9833", 
    "lng": "14.1833", 
    "country": "Italy", 
    "iso2": "IT", 
    "admin_name": "Campania", 
    "capital": "", 
    "population": "20331", 
    "population_proper": "20331"
  }, 
  {
    "city": "Novate Milanese", 
    "lat": "45.5333", 
    "lng": "9.1333", 
    "country": "Italy", 
    "iso2": "IT", 
    "admin_name": "Lombardy", 
    "capital": "", 
    "population": "19910", 
    "population_proper": "19910"
  }, 
  {
    "city": "Ischia", 
    "lat": "40.7333", 
    "lng": "13.9500", 
    "country": "Italy", 
    "iso2": "IT", 
    "admin_name": "Campania", 
    "capital": "", 
    "population": "19598", 
    "population_proper": "19598"
  }, 
  {
    "city": "Arese", 
    "lat": "45.5500", 
    "lng": "9.0667", 
    "country": "Italy", 
    "iso2": "IT", 
    "admin_name": "Lombardy", 
    "capital": "", 
    "population": "19514", 
    "population_proper": "19514"
  }, 
  {
    "city": "Sant’Antonio Abate", 
    "lat": "40.7333", 
    "lng": "14.5500", 
    "country": "Italy", 
    "iso2": "IT", 
    "admin_name": "Campania", 
    "capital": "", 
    "population": "19065", 
    "population_proper": "19065"
  }, 
  {
    "city": "Monserrato", 
    "lat": "39.2500", 
    "lng": "9.1500", 
    "country": "Italy", 
    "iso2": "IT", 
    "admin_name": "Sardegna", 
    "capital": "", 
    "population": "18924", 
    "population_proper": "18924"
  }, 
  {
    "city": "Pozzallo", 
    "lat": "36.7333", 
    "lng": "14.8500", 
    "country": "Italy", 
    "iso2": "IT", 
    "admin_name": "Sicilia", 
    "capital": "", 
    "population": "18879", 
    "population_proper": "18879"
  }, 
  {
    "city": "Cusano Milanino", 
    "lat": "45.5500", 
    "lng": "9.1833", 
    "country": "Italy", 
    "iso2": "IT", 
    "admin_name": "Lombardy", 
    "capital": "", 
    "population": "18833", 
    "population_proper": "18833"
  }, 
  {
    "city": "San Mauro Torinese", 
    "lat": "45.1000", 
    "lng": "7.7667", 
    "country": "Italy", 
    "iso2": "IT", 
    "admin_name": "Piedmont", 
    "capital": "", 
    "population": "18581", 
    "population_proper": "18581"
  }, 
  {
    "city": "Melzo", 
    "lat": "45.5000", 
    "lng": "9.4167", 
    "country": "Italy", 
    "iso2": "IT", 
    "admin_name": "Lombardy", 
    "capital": "", 
    "population": "18318", 
    "population_proper": "18318"
  }, 
  {
    "city": "Aci Sant’Antonio", 
    "lat": "37.6000", 
    "lng": "15.1167", 
    "country": "Italy", 
    "iso2": "IT", 
    "admin_name": "Sicilia", 
    "capital": "", 
    "population": "17995", 
    "population_proper": "17995"
  }, 
  {
    "city": "Melegnano", 
    "lat": "45.3667", 
    "lng": "9.3167", 
    "country": "Italy", 
    "iso2": "IT", 
    "admin_name": "Lombardy", 
    "capital": "", 
    "population": "17964", 
    "population_proper": "17964"
  }, 
  {
    "city": "Agliana", 
    "lat": "43.9000", 
    "lng": "11.0000", 
    "country": "Italy", 
    "iso2": "IT", 
    "admin_name": "Tuscany", 
    "capital": "", 
    "population": "17934", 
    "population_proper": "17934"
  }, 
  {
    "city": "Arcore", 
    "lat": "45.6333", 
    "lng": "9.3167", 
    "country": "Italy", 
    "iso2": "IT", 
    "admin_name": "Lombardy", 
    "capital": "", 
    "population": "17825", 
    "population_proper": "17825"
  }, 
  {
    "city": "Carate Brianza", 
    "lat": "45.7667", 
    "lng": "9.1833", 
    "country": "Italy", 
    "iso2": "IT", 
    "admin_name": "Lombardy", 
    "capital": "", 
    "population": "17817", 
    "population_proper": "17817"
  }, 
  {
    "city": "Forio", 
    "lat": "40.7333", 
    "lng": "13.8500", 
    "country": "Italy", 
    "iso2": "IT", 
    "admin_name": "Campania", 
    "capital": "", 
    "population": "17437", 
    "population_proper": "17437"
  }, 
  {
    "city": "Beinasco", 
    "lat": "45.0167", 
    "lng": "7.5833", 
    "country": "Italy", 
    "iso2": "IT", 
    "admin_name": "Piedmont", 
    "capital": "", 
    "population": "17406", 
    "population_proper": "17406"
  }, 
  {
    "city": "Grumo Nevano", 
    "lat": "40.9333", 
    "lng": "14.2667", 
    "country": "Italy", 
    "iso2": "IT", 
    "admin_name": "Campania", 
    "capital": "", 
    "population": "17145", 
    "population_proper": "17145"
  }, 
  {
    "city": "Cercola", 
    "lat": "40.8667", 
    "lng": "14.3500", 
    "country": "Italy", 
    "iso2": "IT", 
    "admin_name": "Campania", 
    "capital": "", 
    "population": "16954", 
    "population_proper": "16954"
  }, 
  {
    "city": "Nerviano", 
    "lat": "45.5500", 
    "lng": "8.9833", 
    "country": "Italy", 
    "iso2": "IT", 
    "admin_name": "Lombardy", 
    "capital": "", 
    "population": "16864", 
    "population_proper": "16864"
  }, 
  {
    "city": "Cattolica", 
    "lat": "43.9667", 
    "lng": "12.7333", 
    "country": "Italy", 
    "iso2": "IT", 
    "admin_name": "Emilia-Romagna", 
    "capital": "", 
    "population": "16543", 
    "population_proper": "16543"
  }, 
  {
    "city": "Alpignano", 
    "lat": "45.1000", 
    "lng": "7.5167", 
    "country": "Italy", 
    "iso2": "IT", 
    "admin_name": "Piedmont", 
    "capital": "", 
    "population": "16497", 
    "population_proper": "16497"
  }, 
  {
    "city": "Malnate", 
    "lat": "45.8000", 
    "lng": "8.8833", 
    "country": "Italy", 
    "iso2": "IT", 
    "admin_name": "Lombardy", 
    "capital": "", 
    "population": "16378", 
    "population_proper": "16378"
  }, 
  {
    "city": "Concorezzo", 
    "lat": "45.6000", 
    "lng": "9.3333", 
    "country": "Italy", 
    "iso2": "IT", 
    "admin_name": "Lombardy", 
    "capital": "", 
    "population": "15880", 
    "population_proper": "15880"
  }, 
  {
    "city": "Brusciano", 
    "lat": "40.9167", 
    "lng": "14.4167", 
    "country": "Italy", 
    "iso2": "IT", 
    "admin_name": "Campania", 
    "capital": "", 
    "population": "15877", 
    "population_proper": "15877"
  }, 
  {
    "city": "Cadoneghe", 
    "lat": "45.4500", 
    "lng": "11.9333", 
    "country": "Italy", 
    "iso2": "IT", 
    "admin_name": "Veneto", 
    "capital": "", 
    "population": "15801", 
    "population_proper": "15801"
  }, 
  {
    "city": "Porto San Giorgio", 
    "lat": "43.1833", 
    "lng": "13.8000", 
    "country": "Italy", 
    "iso2": "IT", 
    "admin_name": "Marche", 
    "capital": "", 
    "population": "15618", 
    "population_proper": "15618"
  }, 
  {
    "city": "Agrate Brianza", 
    "lat": "45.5833", 
    "lng": "9.3500", 
    "country": "Italy", 
    "iso2": "IT", 
    "admin_name": "Lombardy", 
    "capital": "", 
    "population": "15547", 
    "population_proper": "15547"
  }, 
  {
    "city": "Sorrento", 
    "lat": "40.6261", 
    "lng": "14.3761", 
    "country": "Italy", 
    "iso2": "IT", 
    "admin_name": "Campania", 
    "capital": "", 
    "population": "15407", 
    "population_proper": "15407"
  }, 
  {
    "city": "Frattaminore", 
    "lat": "40.9500", 
    "lng": "14.2667", 
    "country": "Italy", 
    "iso2": "IT", 
    "admin_name": "Campania", 
    "capital": "", 
    "population": "15354", 
    "population_proper": "15354"
  }, 
  {
    "city": "Sant’Arpino", 
    "lat": "40.9575", 
    "lng": "14.2492", 
    "country": "Italy", 
    "iso2": "IT", 
    "admin_name": "Campania", 
    "capital": "", 
    "population": "14986", 
    "population_proper": "14986"
  }, 
  {
    "city": "Merate", 
    "lat": "45.7000", 
    "lng": "9.4333", 
    "country": "Italy", 
    "iso2": "IT", 
    "admin_name": "Lombardy", 
    "capital": "", 
    "population": "14796", 
    "population_proper": "14796"
  }, 
  {
    "city": "Ospitaletto", 
    "lat": "45.5500", 
    "lng": "10.0833", 
    "country": "Italy", 
    "iso2": "IT", 
    "admin_name": "Lombardy", 
    "capital": "", 
    "population": "14694", 
    "population_proper": "14694"
  }, 
  {
    "city": "Santa Maria a Vico", 
    "lat": "41.0333", 
    "lng": "14.4833", 
    "country": "Italy", 
    "iso2": "IT", 
    "admin_name": "Campania", 
    "capital": "", 
    "population": "14277", 
    "population_proper": "14277"
  }, 
  {
    "city": "Opera", 
    "lat": "45.3833", 
    "lng": "9.2167", 
    "country": "Italy", 
    "iso2": "IT", 
    "admin_name": "Lombardy", 
    "capital": "", 
    "population": "14245", 
    "population_proper": "14245"
  }, 
  {
    "city": "Rescaldina", 
    "lat": "45.6167", 
    "lng": "8.9500", 
    "country": "Italy", 
    "iso2": "IT", 
    "admin_name": "Lombardy", 
    "capital": "", 
    "population": "14204", 
    "population_proper": "14204"
  }, 
  {
    "city": "Cassina de’ Pecchi", 
    "lat": "45.5167", 
    "lng": "9.3667", 
    "country": "Italy", 
    "iso2": "IT", 
    "admin_name": "Lombardy", 
    "capital": "", 
    "population": "13948", 
    "population_proper": "13948"
  }, 
  {
    "city": "Castellanza", 
    "lat": "45.6167", 
    "lng": "8.9000", 
    "country": "Italy", 
    "iso2": "IT", 
    "admin_name": "Lombardy", 
    "capital": "", 
    "population": "13939", 
    "population_proper": "13939"
  }, 
  {
    "city": "Solaro", 
    "lat": "45.6000", 
    "lng": "9.0833", 
    "country": "Italy", 
    "iso2": "IT", 
    "admin_name": "Lombardy", 
    "capital": "", 
    "population": "13854", 
    "population_proper": "13854"
  }, 
  {
    "city": "Varedo", 
    "lat": "45.6000", 
    "lng": "9.1667", 
    "country": "Italy", 
    "iso2": "IT", 
    "admin_name": "Lombardy", 
    "capital": "", 
    "population": "13769", 
    "population_proper": "13769"
  }, 
  {
    "city": "Calolziocorte", 
    "lat": "45.8000", 
    "lng": "9.4333", 
    "country": "Italy", 
    "iso2": "IT", 
    "admin_name": "Lombardy", 
    "capital": "", 
    "population": "13514", 
    "population_proper": "13514"
  }, 
  {
    "city": "Casandrino", 
    "lat": "40.9333", 
    "lng": "14.2500", 
    "country": "Italy", 
    "iso2": "IT", 
    "admin_name": "Campania", 
    "capital": "", 
    "population": "13234", 
    "population_proper": "13234"
  }, 
  {
    "city": "Pavona", 
    "lat": "41.7167", 
    "lng": "12.6167", 
    "country": "Italy", 
    "iso2": "IT", 
    "admin_name": "Lazio", 
    "capital": "", 
    "population": "13100", 
    "population_proper": "13100"
  }, 
  {
    "city": "Gricignano d’Aversa", 
    "lat": "41.0000", 
    "lng": "14.1833", 
    "country": "Italy", 
    "iso2": "IT", 
    "admin_name": "Campania", 
    "capital": "", 
    "population": "12690", 
    "population_proper": "12690"
  }, 
  {
    "city": "Olgiate Olona", 
    "lat": "45.6333", 
    "lng": "8.8833", 
    "country": "Italy", 
    "iso2": "IT", 
    "admin_name": "Lombardy", 
    "capital": "", 
    "population": "12671", 
    "population_proper": "12671"
  }, 
  {
    "city": "Canegrate", 
    "lat": "45.5667", 
    "lng": "8.9333", 
    "country": "Italy", 
    "iso2": "IT", 
    "admin_name": "Lombardy", 
    "capital": "", 
    "population": "12491", 
    "population_proper": "12491"
  }, 
  {
    "city": "Fagnano Olona", 
    "lat": "45.6667", 
    "lng": "8.8667", 
    "country": "Italy", 
    "iso2": "IT", 
    "admin_name": "Lombardy", 
    "capital": "", 
    "population": "12447", 
    "population_proper": "12447"
  }, 
  {
    "city": "Calvizzano", 
    "lat": "40.9000", 
    "lng": "14.1833", 
    "country": "Italy", 
    "iso2": "IT", 
    "admin_name": "Campania", 
    "capital": "", 
    "population": "12391", 
    "population_proper": "12391"
  }, 
  {
    "city": "Piano di Sorrento", 
    "lat": "40.6333", 
    "lng": "14.4167", 
    "country": "Italy", 
    "iso2": "IT", 
    "admin_name": "Campania", 
    "capital": "", 
    "population": "12355", 
    "population_proper": "12355"
  }, 
  {
    "city": "Biassono", 
    "lat": "45.6333", 
    "lng": "9.2667", 
    "country": "Italy", 
    "iso2": "IT", 
    "admin_name": "Lombardy", 
    "capital": "", 
    "population": "12305", 
    "population_proper": "12305"
  }, 
  {
    "city": "Cicciano", 
    "lat": "40.9667", 
    "lng": "14.5333", 
    "country": "Italy", 
    "iso2": "IT", 
    "admin_name": "Campania", 
    "capital": "", 
    "population": "12263", 
    "population_proper": "12263"
  }, 
  {
    "city": "San Prisco", 
    "lat": "41.0833", 
    "lng": "14.2833", 
    "country": "Italy", 
    "iso2": "IT", 
    "admin_name": "Campania", 
    "capital": "", 
    "population": "12110", 
    "population_proper": "12110"
  }, 
  {
    "city": "San Gennaro Vesuviano", 
    "lat": "40.8667", 
    "lng": "14.5333", 
    "country": "Italy", 
    "iso2": "IT", 
    "admin_name": "Campania", 
    "capital": "", 
    "population": "12003", 
    "population_proper": "12003"
  }, 
  {
    "city": "Cecchina", 
    "lat": "41.7667", 
    "lng": "12.6167", 
    "country": "Italy", 
    "iso2": "IT", 
    "admin_name": "Lazio", 
    "capital": "", 
    "population": "12000", 
    "population_proper": "12000"
  }, 
  {
    "city": "Monte di Procida", 
    "lat": "40.8000", 
    "lng": "14.0500", 
    "country": "Italy", 
    "iso2": "IT", 
    "admin_name": "Campania", 
    "capital": "", 
    "population": "11845", 
    "population_proper": "11845"
  }, 
  {
    "city": "Baranzate", 
    "lat": "45.5167", 
    "lng": "9.1000", 
    "country": "Italy", 
    "iso2": "IT", 
    "admin_name": "Lombardy", 
    "capital": "", 
    "population": "11823", 
    "population_proper": "11823"
  }, 
  {
    "city": "Marotta", 
    "lat": "43.7697", 
    "lng": "13.1369", 
    "country": "Italy", 
    "iso2": "IT", 
    "admin_name": "Marche", 
    "capital": "", 
    "population": "11659", 
    "population_proper": "11659"
  }, 
  {
    "city": "San Gregorio di Catania", 
    "lat": "37.5667", 
    "lng": "15.1167", 
    "country": "Italy", 
    "iso2": "IT", 
    "admin_name": "Sicilia", 
    "capital": "", 
    "population": "11485", 
    "population_proper": "11485"
  }, 
  {
    "city": "Capaci", 
    "lat": "38.1667", 
    "lng": "13.2333", 
    "country": "Italy", 
    "iso2": "IT", 
    "admin_name": "Sicilia", 
    "capital": "", 
    "population": "11339", 
    "population_proper": "11339"
  }, 
  {
    "city": "Paullo", 
    "lat": "45.4167", 
    "lng": "9.4000", 
    "country": "Italy", 
    "iso2": "IT", 
    "admin_name": "Lombardy", 
    "capital": "", 
    "population": "11080", 
    "population_proper": "11080"
  }, 
  {
    "city": "Gambettola", 
    "lat": "44.1167", 
    "lng": "12.3333", 
    "country": "Italy", 
    "iso2": "IT", 
    "admin_name": "Emilia-Romagna", 
    "capital": "", 
    "population": "10682", 
    "population_proper": "10682"
  }, 
  {
    "city": "Atripalda", 
    "lat": "40.9167", 
    "lng": "14.8256", 
    "country": "Italy", 
    "iso2": "IT", 
    "admin_name": "Campania", 
    "capital": "", 
    "population": "10367", 
    "population_proper": "10367"
  }, 
  {
    "city": "Bonate di Sopra", 
    "lat": "45.6833", 
    "lng": "9.5667", 
    "country": "Italy", 
    "iso2": "IT", 
    "admin_name": "Lombardy", 
    "capital": "", 
    "population": "10356", 
    "population_proper": "10356"
  }, 
  {
    "city": "San Marzano sul Sarno", 
    "lat": "40.7697", 
    "lng": "14.5947", 
    "country": "Italy", 
    "iso2": "IT", 
    "admin_name": "Campania", 
    "capital": "", 
    "population": "10244", 
    "population_proper": "10244"
  }, 
  {
    "city": "Procida", 
    "lat": "40.7583", 
    "lng": "14.0167", 
    "country": "Italy", 
    "iso2": "IT", 
    "admin_name": "Campania", 
    "capital": "", 
    "population": "10092", 
    "population_proper": "10092"
  }, 
  {
    "city": "Macerata Campania", 
    "lat": "41.0667", 
    "lng": "14.2667", 
    "country": "Italy", 
    "iso2": "IT", 
    "admin_name": "Campania", 
    "capital": "", 
    "population": "10057", 
    "population_proper": "10057"
  }, 
  {
    "city": "Capodrise", 
    "lat": "41.0500", 
    "lng": "14.3000", 
    "country": "Italy", 
    "iso2": "IT", 
    "admin_name": "Campania", 
    "capital": "", 
    "population": "10007", 
    "population_proper": "10007"
  }, 
  {
    "city": "Fino Mornasco", 
    "lat": "45.7500", 
    "lng": "9.0333", 
    "country": "Italy", 
    "iso2": "IT", 
    "admin_name": "Lombardy", 
    "capital": "", 
    "population": "9940", 
    "population_proper": "9940"
  }, 
  {
    "city": "Poggio a Caiano", 
    "lat": "43.8167", 
    "lng": "11.0667", 
    "country": "Italy", 
    "iso2": "IT", 
    "admin_name": "Tuscany", 
    "capital": "", 
    "population": "9863", 
    "population_proper": "9863"
  }, 
  {
    "city": "Boscotrecase", 
    "lat": "40.7833", 
    "lng": "14.4667", 
    "country": "Italy", 
    "iso2": "IT", 
    "admin_name": "Campania", 
    "capital": "", 
    "population": "9795", 
    "population_proper": "9795"
  }, 
  {
    "city": "Lurate Caccivio", 
    "lat": "45.7667", 
    "lng": "9.0000", 
    "country": "Italy", 
    "iso2": "IT", 
    "admin_name": "Lombardy", 
    "capital": "", 
    "population": "9675", 
    "population_proper": "9675"
  }, 
  {
    "city": "Cesa", 
    "lat": "40.9667", 
    "lng": "14.2333", 
    "country": "Italy", 
    "iso2": "IT", 
    "admin_name": "Campania", 
    "capital": "", 
    "population": "9571", 
    "population_proper": "9571"
  }, 
  {
    "city": "Vaprio d’Adda", 
    "lat": "45.5833", 
    "lng": "9.5333", 
    "country": "Italy", 
    "iso2": "IT", 
    "admin_name": "Lombardy", 
    "capital": "", 
    "population": "9506", 
    "population_proper": "9506"
  }, 
  {
    "city": "Vanzago", 
    "lat": "45.5333", 
    "lng": "9.0000", 
    "country": "Italy", 
    "iso2": "IT", 
    "admin_name": "Lombardy", 
    "capital": "", 
    "population": "9325", 
    "population_proper": "9325"
  }, 
  {
    "city": "Vittuone", 
    "lat": "45.4833", 
    "lng": "8.9500", 
    "country": "Italy", 
    "iso2": "IT", 
    "admin_name": "Lombardy", 
    "capital": "", 
    "population": "9248", 
    "population_proper": "9248"
  }, 
  {
    "city": "Venturina", 
    "lat": "43.0278", 
    "lng": "10.6033", 
    "country": "Italy", 
    "iso2": "IT", 
    "admin_name": "Tuscany", 
    "capital": "", 
    "population": "9004", 
    "population_proper": "9004"
  }, 
  {
    "city": "Porto Santo Stefano", 
    "lat": "42.4353", 
    "lng": "11.1175", 
    "country": "Italy", 
    "iso2": "IT", 
    "admin_name": "Tuscany", 
    "capital": "", 
    "population": "8810", 
    "population_proper": "8810"
  }, 
  {
    "city": "Roccapiemonte", 
    "lat": "40.7500", 
    "lng": "14.6833", 
    "country": "Italy", 
    "iso2": "IT", 
    "admin_name": "Campania", 
    "capital": "", 
    "population": "8706", 
    "population_proper": "8706"
  }, 
  {
    "city": "Torre Boldone", 
    "lat": "45.7167", 
    "lng": "9.7000", 
    "country": "Italy", 
    "iso2": "IT", 
    "admin_name": "Lombardy", 
    "capital": "", 
    "population": "8694", 
    "population_proper": "8694"
  }, 
  {
    "city": "San Sebastiano al Vesuvio", 
    "lat": "40.8333", 
    "lng": "14.3667", 
    "country": "Italy", 
    "iso2": "IT", 
    "admin_name": "Campania", 
    "capital": "", 
    "population": "8664", 
    "population_proper": "8664"
  }, 
  {
    "city": "Sant’Agnello", 
    "lat": "40.6333", 
    "lng": "14.4000", 
    "country": "Italy", 
    "iso2": "IT", 
    "admin_name": "Campania", 
    "capital": "", 
    "population": "8640", 
    "population_proper": "8640"
  }, 
  {
    "city": "Brembate", 
    "lat": "45.6000", 
    "lng": "9.5500", 
    "country": "Italy", 
    "iso2": "IT", 
    "admin_name": "Lombardy", 
    "capital": "", 
    "population": "8557", 
    "population_proper": "8557"
  }, 
  {
    "city": "Fiesso d’Artico", 
    "lat": "45.4167", 
    "lng": "12.0333", 
    "country": "Italy", 
    "iso2": "IT", 
    "admin_name": "Veneto", 
    "capital": "", 
    "population": "8474", 
    "population_proper": "8474"
  }, 
  {
    "city": "Bruino", 
    "lat": "45.0167", 
    "lng": "7.4667", 
    "country": "Italy", 
    "iso2": "IT", 
    "admin_name": "Piedmont", 
    "capital": "", 
    "population": "8452", 
    "population_proper": "8452"
  }, 
  {
    "city": "Pogliano Milanese", 
    "lat": "45.5333", 
    "lng": "9.0000", 
    "country": "Italy", 
    "iso2": "IT", 
    "admin_name": "Lombardy", 
    "capital": "", 
    "population": "8400", 
    "population_proper": "8400"
  }, 
  {
    "city": "Casapulla", 
    "lat": "41.0667", 
    "lng": "14.2833", 
    "country": "Italy", 
    "iso2": "IT", 
    "admin_name": "Campania", 
    "capital": "", 
    "population": "8253", 
    "population_proper": "8253"
  }, 
  {
    "city": "Capriate San Gervasio", 
    "lat": "45.6089", 
    "lng": "9.5281", 
    "country": "Italy", 
    "iso2": "IT", 
    "admin_name": "Lombardy", 
    "capital": "", 
    "population": "8144", 
    "population_proper": "8144"
  }, 
  {
    "city": "Marnate", 
    "lat": "45.6333", 
    "lng": "8.9000", 
    "country": "Italy", 
    "iso2": "IT", 
    "admin_name": "Lombardy", 
    "capital": "", 
    "population": "8110", 
    "population_proper": "8110"
  }, 
  {
    "city": "Villa Opicina", 
    "lat": "45.6875", 
    "lng": "13.7886", 
    "country": "Italy", 
    "iso2": "IT", 
    "admin_name": "Friuli Venezia Giulia", 
    "capital": "", 
    "population": "8009", 
    "population_proper": "8009"
  }, 
  {
    "city": "Rovellasca", 
    "lat": "45.6667", 
    "lng": "9.0500", 
    "country": "Italy", 
    "iso2": "IT", 
    "admin_name": "Lombardy", 
    "capital": "", 
    "population": "7959", 
    "population_proper": "7959"
  }, 
  {
    "city": "Mariglianella", 
    "lat": "40.9167", 
    "lng": "14.4333", 
    "country": "Italy", 
    "iso2": "IT", 
    "admin_name": "Campania", 
    "capital": "", 
    "population": "7824", 
    "population_proper": "7824"
  }, 
  {
    "city": "Portico di Caserta", 
    "lat": "41.0500", 
    "lng": "14.2833", 
    "country": "Italy", 
    "iso2": "IT", 
    "admin_name": "Campania", 
    "capital": "", 
    "population": "7732", 
    "population_proper": "7732"
  }, 
  {
    "city": "Carnate", 
    "lat": "45.6500", 
    "lng": "9.3667", 
    "country": "Italy", 
    "iso2": "IT", 
    "admin_name": "Lombardy", 
    "capital": "", 
    "population": "7676", 
    "population_proper": "7676"
  }, 
  {
    "city": "Recale", 
    "lat": "41.0500", 
    "lng": "14.3000", 
    "country": "Italy", 
    "iso2": "IT", 
    "admin_name": "Campania", 
    "capital": "", 
    "population": "7618", 
    "population_proper": "7618"
  }, 
  {
    "city": "Curno", 
    "lat": "45.6906", 
    "lng": "9.6103", 
    "country": "Italy", 
    "iso2": "IT", 
    "admin_name": "Lombardy", 
    "capital": "", 
    "population": "7492", 
    "population_proper": "7492"
  }, 
  {
    "city": "Cavenago di Brianza", 
    "lat": "45.5833", 
    "lng": "9.4167", 
    "country": "Italy", 
    "iso2": "IT", 
    "admin_name": "Lombardy", 
    "capital": "", 
    "population": "7392", 
    "population_proper": "7392"
  }, 
  {
    "city": "Porto Potenza Picena", 
    "lat": "43.3667", 
    "lng": "13.6943", 
    "country": "Italy", 
    "iso2": "IT", 
    "admin_name": "Marche", 
    "capital": "", 
    "population": "7154", 
    "population_proper": "7154"
  }, 
  {
    "city": "Binasco", 
    "lat": "45.3333", 
    "lng": "9.1000", 
    "country": "Italy", 
    "iso2": "IT", 
    "admin_name": "Lombardy", 
    "capital": "", 
    "population": "7079", 
    "population_proper": "7079"
  }, 
  {
    "city": "Isola delle Femmine", 
    "lat": "38.1972", 
    "lng": "13.2472", 
    "country": "Italy", 
    "iso2": "IT", 
    "admin_name": "Sicilia", 
    "capital": "", 
    "population": "7041", 
    "population_proper": "7041"
  }, 
  {
    "city": "Cimitile", 
    "lat": "40.9406", 
    "lng": "14.5245", 
    "country": "Italy", 
    "iso2": "IT", 
    "admin_name": "Campania", 
    "capital": "", 
    "population": "6885", 
    "population_proper": "6885"
  }, 
  {
    "city": "Barlassina", 
    "lat": "45.6500", 
    "lng": "9.1333", 
    "country": "Italy", 
    "iso2": "IT", 
    "admin_name": "Lombardy", 
    "capital": "", 
    "population": "6839", 
    "population_proper": "6839"
  }, 
  {
    "city": "Albiate", 
    "lat": "45.6667", 
    "lng": "9.2500", 
    "country": "Italy", 
    "iso2": "IT", 
    "admin_name": "Lombardy", 
    "capital": "", 
    "population": "6665", 
    "population_proper": "6665"
  }, 
  {
    "city": "Santa Maria degli Angeli", 
    "lat": "43.0589", 
    "lng": "12.5781", 
    "country": "Italy", 
    "iso2": "IT", 
    "admin_name": "Umbria", 
    "capital": "", 
    "population": "6665", 
    "population_proper": "6665"
  }, 
  {
    "city": "Villa di Serio", 
    "lat": "45.7167", 
    "lng": "9.7333", 
    "country": "Italy", 
    "iso2": "IT", 
    "admin_name": "Lombardy", 
    "capital": "", 
    "population": "6632", 
    "population_proper": "6632"
  }, 
  {
    "city": "Gorle", 
    "lat": "45.7039", 
    "lng": "9.7192", 
    "country": "Italy", 
    "iso2": "IT", 
    "admin_name": "Lombardy", 
    "capital": "", 
    "population": "6578", 
    "population_proper": "6578"
  }, 
  {
    "city": "Villa Cortese", 
    "lat": "45.5667", 
    "lng": "8.8833", 
    "country": "Italy", 
    "iso2": "IT", 
    "admin_name": "Lombardy", 
    "capital": "", 
    "population": "6174", 
    "population_proper": "6174"
  }, 
  {
    "city": "Fornacette", 
    "lat": "43.6706", 
    "lng": "10.5803", 
    "country": "Italy", 
    "iso2": "IT", 
    "admin_name": "Tuscany", 
    "capital": "", 
    "population": "5868", 
    "population_proper": "5868"
  }, 
  {
    "city": "Tropea", 
    "lat": "38.6792", 
    "lng": "15.8986", 
    "country": "Italy", 
    "iso2": "IT", 
    "admin_name": "Calabria", 
    "capital": "", 
    "population": "5833", 
    "population_proper": "5833"
  }, 
  {
    "city": "Cavaria", 
    "lat": "45.7000", 
    "lng": "8.8000", 
    "country": "Italy", 
    "iso2": "IT", 
    "admin_name": "Lombardy", 
    "capital": "", 
    "population": "5643", 
    "population_proper": "5643"
  }, 
  {
    "city": "Trezzano Rosa", 
    "lat": "45.5833", 
    "lng": "9.4833", 
    "country": "Italy", 
    "iso2": "IT", 
    "admin_name": "Lombardy", 
    "capital": "", 
    "population": "5373", 
    "population_proper": "5373"
  }, 
  {
    "city": "Albisola Marina", 
    "lat": "44.3333", 
    "lng": "8.5000", 
    "country": "Italy", 
    "iso2": "IT", 
    "admin_name": "Liguria", 
    "capital": "", 
    "population": "5192", 
    "population_proper": "5192"
  }, 
  {
    "city": "Albizzate", 
    "lat": "45.7167", 
    "lng": "8.8000", 
    "country": "Italy", 
    "iso2": "IT", 
    "admin_name": "Lombardy", 
    "capital": "", 
    "population": "5155", 
    "population_proper": "5155"
  }, 
  {
    "city": "Arosio", 
    "lat": "45.7167", 
    "lng": "9.2167", 
    "country": "Italy", 
    "iso2": "IT", 
    "admin_name": "Lombardy", 
    "capital": "", 
    "population": "5135", 
    "population_proper": "5135"
  }, 
  {
    "city": "Camposano", 
    "lat": "40.9500", 
    "lng": "14.5333", 
    "country": "Italy", 
    "iso2": "IT", 
    "admin_name": "Campania", 
    "capital": "", 
    "population": "5048", 
    "population_proper": "5048"
  }, 
  {
    "city": "Castronno", 
    "lat": "45.7333", 
    "lng": "8.8000", 
    "country": "Italy", 
    "iso2": "IT", 
    "admin_name": "Lombardy", 
    "capital": "", 
    "population": "5043", 
    "population_proper": "5043"
  }, 
  {
    "city": "Ginosa Marina", 
    "lat": "40.4292", 
    "lng": "16.8908", 
    "country": "Italy", 
    "iso2": "IT", 
    "admin_name": "Puglia", 
    "capital": "", 
    "population": "5000", 
    "population_proper": "5000"
  }, 
  {
    "city": "Barzanò", 
    "lat": "45.7333", 
    "lng": "9.3167", 
    "country": "Italy", 
    "iso2": "IT", 
    "admin_name": "Lombardy", 
    "capital": "", 
    "population": "4994", 
    "population_proper": "4994"
  }, 
  {
    "city": "Lomagna", 
    "lat": "45.6667", 
    "lng": "9.3667", 
    "country": "Italy", 
    "iso2": "IT", 
    "admin_name": "Lombardy", 
    "capital": "", 
    "population": "4964", 
    "population_proper": "4964"
  }, 
  {
    "city": "Merine", 
    "lat": "40.3325", 
    "lng": "18.2261", 
    "country": "Italy", 
    "iso2": "IT", 
    "admin_name": "Puglia", 
    "capital": "", 
    "population": "4785", 
    "population_proper": "4785"
  }, 
  {
    "city": "Porretta Terme", 
    "lat": "44.1603", 
    "lng": "10.9733", 
    "country": "Italy", 
    "iso2": "IT", 
    "admin_name": "Emilia-Romagna", 
    "capital": "", 
    "population": "4781", 
    "population_proper": "4781"
  }, 
  {
    "city": "Murano", 
    "lat": "45.4575", 
    "lng": "12.3536", 
    "country": "Italy", 
    "iso2": "IT", 
    "admin_name": "Veneto", 
    "capital": "", 
    "population": "4683", 
    "population_proper": "4683"
  }, 
  {
    "city": "Lacco Ameno", 
    "lat": "40.7500", 
    "lng": "13.8833", 
    "country": "Italy", 
    "iso2": "IT", 
    "admin_name": "Campania", 
    "capital": "", 
    "population": "4561", 
    "population_proper": "4561"
  }, 
  {
    "city": "Colonna", 
    "lat": "41.8333", 
    "lng": "12.7500", 
    "country": "Italy", 
    "iso2": "IT", 
    "admin_name": "Lazio", 
    "capital": "", 
    "population": "4240", 
    "population_proper": "4240"
  }, 
  {
    "city": "Ponte Lambro", 
    "lat": "45.8333", 
    "lng": "9.2333", 
    "country": "Italy", 
    "iso2": "IT", 
    "admin_name": "Lombardy", 
    "capital": "", 
    "population": "4228", 
    "population_proper": "4228"
  }, 
  {
    "city": "Malgrate", 
    "lat": "45.8500", 
    "lng": "9.4000", 
    "country": "Italy", 
    "iso2": "IT", 
    "admin_name": "Lombardy", 
    "capital": "", 
    "population": "4204", 
    "population_proper": "4204"
  }, 
  {
    "city": "Solbiate Arno", 
    "lat": "45.7167", 
    "lng": "8.8167", 
    "country": "Italy", 
    "iso2": "IT", 
    "admin_name": "Lombardy", 
    "capital": "", 
    "population": "4010", 
    "population_proper": "4010"
  }, 
  {
    "city": "Rancate", 
    "lat": "45.7225", 
    "lng": "9.2783", 
    "country": "Italy", 
    "iso2": "IT", 
    "admin_name": "Lombardy", 
    "capital": "", 
    "population": "3967", 
    "population_proper": "3967"
  }, 
  {
    "city": "Passo Corese", 
    "lat": "42.1569", 
    "lng": "12.6528", 
    "country": "Italy", 
    "iso2": "IT", 
    "admin_name": "Lazio", 
    "capital": "", 
    "population": "3573", 
    "population_proper": "3573"
  }, 
  {
    "city": "Marina di Pisa", 
    "lat": "43.6722", 
    "lng": "10.2769", 
    "country": "Italy", 
    "iso2": "IT", 
    "admin_name": "Tuscany", 
    "capital": "", 
    "population": "3570", 
    "population_proper": "3570"
  }, 
  {
    "city": "Aci Bonaccorsi", 
    "lat": "37.6000", 
    "lng": "15.1167", 
    "country": "Italy", 
    "iso2": "IT", 
    "admin_name": "Sicilia", 
    "capital": "", 
    "population": "3499", 
    "population_proper": "3499"
  }, 
  {
    "city": "Vada", 
    "lat": "43.3517", 
    "lng": "10.4558", 
    "country": "Italy", 
    "iso2": "IT", 
    "admin_name": "Tuscany", 
    "capital": "", 
    "population": "3461", 
    "population_proper": "3461"
  }, 
  {
    "city": "Sant’Agata sui Due Golfi", 
    "lat": "40.6076", 
    "lng": "14.3737", 
    "country": "Italy", 
    "iso2": "IT", 
    "admin_name": "Campania", 
    "capital": "", 
    "population": "3000", 
    "population_proper": "3000"
  }, 
  {
    "city": "Riva Ligure", 
    "lat": "43.8333", 
    "lng": "7.8833", 
    "country": "Italy", 
    "iso2": "IT", 
    "admin_name": "Liguria", 
    "capital": "", 
    "population": "2805", 
    "population_proper": "2805"
  }, 
  {
    "city": "Bárcola", 
    "lat": "45.6794", 
    "lng": "13.7544", 
    "country": "Italy", 
    "iso2": "IT", 
    "admin_name": "Friuli Venezia Giulia", 
    "capital": "", 
    "population": "2801", 
    "population_proper": "2801"
  }, 
  {
    "city": "Marina di Camerota", 
    "lat": "40.0000", 
    "lng": "15.3667", 
    "country": "Italy", 
    "iso2": "IT", 
    "admin_name": "Campania", 
    "capital": "", 
    "population": "2674", 
    "population_proper": "2674"
  }, 
  {
    "city": "Rosia", 
    "lat": "43.2475", 
    "lng": "11.2236", 
    "country": "Italy", 
    "iso2": "IT", 
    "admin_name": "Tuscany", 
    "capital": "", 
    "population": "2573", 
    "population_proper": "2573"
  }, 
  {
    "city": "Pellestrina", 
    "lat": "45.2723", 
    "lng": "12.3008", 
    "country": "Italy", 
    "iso2": "IT", 
    "admin_name": "Veneto", 
    "capital": "", 
    "population": "2545", 
    "population_proper": "2545"
  }, 
  {
    "city": "Petrignano", 
    "lat": "43.1039", 
    "lng": "12.5364", 
    "country": "Italy", 
    "iso2": "IT", 
    "admin_name": "Umbria", 
    "capital": "", 
    "population": "2536", 
    "population_proper": "2536"
  }, 
  {
    "city": "Torre di Faro", 
    "lat": "38.2592", 
    "lng": "15.6425", 
    "country": "Italy", 
    "iso2": "IT", 
    "admin_name": "", 
    "capital": "", 
    "population": "2500", 
    "population_proper": "2500"
  }
]